timestamp,temp,ac,lights,occu
0,26.52,Off,Off,0
1,26.53,Off,Off,0
2,26.53,Off,Off,0
3,26.54,Off,Off,0
4,26.52,Off,Off,0
5,26.53,Off,Off,0
6,26.52,Off,Off,0
7,26.52,Off,Off,0
8,26.53,Off,Off,0
9,26.54,Off,Off,0
10,26.53,On,On,1
11,26.52,On,On,1
12,26.52,On,On,1
13,26.53,On,On,1
14,26.54,On,On,1
15,26.54,On,On,1
16,26.53,On,On,1
17,26.53,On,On,1
18,26.5,On,On,1
19,26.49,On,On,1
20,26.47,On,On,1
21,26.44,On,On,1
22,26.43,On,On,1
23,26.43,On,On,1
24,26.43,On,On,1
25,26.42,On,On,1
26,26.41,On,On,1
27,26.4,On,On,1
28,26.4,On,On,1
29,26.41,On,On,1
30,26.39,On,On,1
31,26.37,On,On,1
32,26.37,On,On,1
33,26.37,On,On,1
34,26.37,On,On,1
35,26.35,On,On,1
36,26.34,On,On,1
37,26.35,On,On,1
38,26.35,On,On,1
39,26.35,On,On,1
40,26.36,On,On,1
41,26.36,On,On,1
42,26.37,On,On,1
43,26.38,On,On,1
44,26.37,On,On,1
45,26.35,On,On,1
46,26.36,On,On,1
47,26.35,On,On,1
48,26.33,On,On,1
49,26.34,On,On,1
50,26.34,On,On,1
51,26.33,On,On,1
52,26.33,On,On,1
53,26.34,On,On,1
54,26.34,On,On,1
55,26.33,On,On,1
56,26.34,On,On,1
57,26.33,On,On,1
58,26.35,On,On,1
59,26.33,On,On,1
60,26.32,On,On,1
61,26.31,On,On,1
62,26.29,On,On,1
63,26.3,On,On,1
64,26.28,On,On,3
65,26.29,On,On,3
66,26.29,On,On,3
67,26.29,On,On,3
68,26.3,On,On,3
69,26.31,On,On,3
70,26.29,On,On,3
71,26.26,On,On,4
72,26.26,On,On,4
73,26.25,On,On,4
74,26.23,On,On,4
75,26.21,On,On,5
76,26.21,On,On,5
77,26.22,On,On,5
78,26.2,On,On,5
79,26.21,On,On,5
80,26.2,On,On,5
81,26.21,On,On,5
82,26.22,On,On,5
83,26.22,On,On,5
84,26.2,On,On,5
85,26.18,On,On,6
86,26.18,On,On,6
87,26.19,On,On,6
88,26.17,On,On,6
89,26.16,On,On,6
90,26.18,On,On,6
91,26.17,On,On,6
92,26.16,On,On,6
93,26.16,On,On,8
94,26.17,On,On,8
95,26.15,On,On,8
96,26.16,On,On,8
97,26.14,On,On,8
98,26.15,On,On,8
99,26.13,On,On,8
100,26.12,On,On,10
101,26.12,On,On,10
102,26.09,On,On,10
103,26.1,On,On,10
104,26.1,On,On,10
105,26.11,On,On,10
106,26.12,On,On,10
107,26.11,On,On,10
108,26.09,On,On,12
109,26.09,On,On,12
110,26.1,On,On,12
111,26.08,On,On,12
112,26.09,On,On,12
113,26.09,On,On,12
114,26.08,On,On,12
115,26.07,On,On,12
116,26.05,On,On,12
117,26.03,On,On,12
118,26.02,On,On,12
119,25.99,On,On,12
120,26.0,On,On,12
121,25.98,On,On,14
122,25.97,On,On,14
123,25.98,On,On,14
124,25.96,On,On,14
125,25.94,On,On,14
126,25.94,On,On,16
127,25.94,On,On,16
128,25.92,On,On,16
129,25.93,On,On,16
130,25.94,On,On,16
131,25.92,On,On,16
132,25.91,On,On,16
133,25.92,On,On,16
134,25.93,On,On,16
135,25.93,On,On,16
136,25.91,On,On,16
137,25.91,On,On,16
138,25.92,On,On,16
139,25.9,On,On,16
140,25.89,On,On,16
141,25.89,On,On,16
142,25.89,On,On,16
143,25.89,On,On,16
144,25.89,On,On,16
145,25.89,On,On,16
146,25.88,On,On,16
147,25.87,On,On,16
148,25.87,On,On,16
149,25.86,On,On,18
150,25.87,On,On,18
151,25.87,On,On,18
152,25.88,On,On,18
153,25.86,On,On,18
154,25.85,On,On,18
155,25.85,On,On,18
156,25.86,On,On,18
157,25.84,On,On,18
158,25.84,On,On,18
159,25.86,On,On,19
160,25.85,On,On,20
161,25.85,On,On,20
162,25.86,On,On,20
163,25.87,On,On,20
164,25.85,On,On,20
165,25.86,On,On,20
166,25.85,On,On,21
167,25.83,On,On,21
168,25.81,On,On,21
169,25.82,On,On,21
170,25.83,On,On,22
171,25.82,On,On,22
172,25.83,On,On,22
173,25.84,On,On,22
174,25.83,On,On,22
175,25.83,On,On,22
176,25.84,On,On,22
177,25.85,On,On,22
178,25.86,On,On,22
179,25.85,On,On,22
180,25.86,On,On,23
181,25.85,On,On,24
182,25.86,On,On,24
183,25.86,On,On,24
184,25.86,On,On,24
185,25.86,On,On,24
186,25.87,On,On,24
187,25.87,On,On,24
188,25.88,On,On,24
189,25.88,On,On,24
190,25.9,On,On,24
191,25.9,On,On,24
192,25.88,On,On,24
193,25.89,On,On,24
194,25.89,On,On,24
195,25.91,On,On,24
196,25.92,On,On,24
197,25.91,On,On,24
198,25.93,On,On,24
199,25.94,On,On,26
200,25.94,On,On,26
201,25.93,On,On,26
202,25.91,On,On,26
203,25.91,On,On,27
204,25.93,On,On,27
205,25.93,On,On,27
206,25.92,On,On,27
207,25.93,On,On,27
208,25.94,On,On,29
209,25.92,On,On,31
210,25.92,On,On,31
211,25.93,On,On,31
212,25.91,On,On,31
213,25.89,On,On,31
214,25.91,On,On,31
215,25.92,On,On,31
216,25.93,On,On,31
217,25.91,On,On,31
218,25.92,On,On,31
219,25.92,On,On,31
220,25.9,On,On,31
221,25.9,On,On,31
222,25.9,On,On,31
223,25.88,On,On,31
224,25.87,On,On,31
225,25.88,On,On,31
226,25.87,On,On,31
227,25.87,On,On,31
228,25.86,On,On,31
229,25.85,On,On,31
230,25.84,On,On,31
231,25.84,On,On,31
232,25.82,On,On,31
233,25.83,On,On,31
234,25.84,On,On,31
235,25.84,On,On,31
236,25.84,On,On,31
237,25.85,On,On,31
238,25.83,On,On,31
239,25.82,On,On,31
240,25.83,On,On,31
241,25.83,On,On,31
242,25.82,On,On,31
243,25.83,On,On,31
244,25.84,On,On,31
245,25.82,On,On,31
246,25.82,On,On,31
247,25.84,On,On,31
248,25.83,On,On,31
249,25.82,On,On,31
250,25.83,On,On,31
251,25.84,On,On,31
252,25.85,On,On,31
253,25.85,On,On,31
254,25.87,On,On,31
255,25.88,On,On,31
256,25.88,On,On,31
257,25.87,On,On,31
258,25.88,On,On,31
259,25.86,On,On,31
260,25.87,On,On,31
261,25.89,On,On,31
262,25.89,On,On,31
263,25.91,On,On,31
264,25.91,On,On,31
265,25.92,On,On,31
266,25.92,On,On,31
267,25.9,On,On,31
268,25.88,On,On,31
269,25.86,On,On,31
270,25.87,On,On,31
271,25.88,On,On,31
272,25.86,On,On,31
273,25.86,On,On,31
274,25.86,On,On,31
275,25.85,On,On,31
276,25.85,On,On,31
277,25.84,On,On,31
278,25.82,On,On,31
279,25.82,On,On,31
280,25.8,On,On,31
281,25.81,On,On,31
282,25.8,On,On,31
283,25.8,On,On,31
284,25.81,On,On,31
285,25.82,On,On,31
286,25.81,On,On,31
287,25.79,On,On,31
288,25.79,On,On,31
289,25.78,On,On,31
290,25.79,On,On,31
291,25.78,On,On,31
292,25.79,On,On,31
293,25.8,On,On,31
294,25.8,On,On,31
295,25.82,On,On,31
296,25.8,On,On,31
297,25.81,On,On,31
298,25.8,On,On,31
299,25.78,On,On,31
300,25.76,On,On,31
301,25.78,On,On,31
302,25.78,On,On,31
303,25.77,On,On,31
304,25.77,On,On,31
305,25.77,On,On,31
306,25.78,On,On,31
307,25.79,On,On,31
308,25.8,On,On,31
309,25.79,On,On,31
310,25.78,On,On,31
311,25.78,On,On,31
312,25.79,On,On,31
313,25.79,On,On,31
314,25.81,On,On,31
315,25.81,On,On,31
316,25.8,On,On,31
317,25.81,On,On,31
318,25.82,On,On,31
319,25.83,On,On,31
320,25.81,On,On,31
321,25.81,On,On,31
322,25.82,On,On,31
323,25.8,On,On,31
324,25.79,On,On,31
325,25.8,On,On,31
326,25.8,On,On,31
327,25.81,On,On,31
328,25.81,On,On,31
329,25.83,On,On,31
330,25.83,On,On,31
331,25.82,On,On,31
332,25.81,On,On,31
333,25.82,On,On,31
334,25.83,On,On,31
335,25.83,On,On,31
336,25.85,On,On,31
337,25.85,On,On,31
338,25.86,On,On,31
339,25.85,On,On,31
340,25.86,On,On,31
341,25.84,On,On,31
342,25.83,On,On,31
343,25.82,On,On,31
344,25.82,On,On,31
345,25.81,On,On,31
346,25.81,On,On,31
347,25.82,On,On,31
348,25.81,On,On,31
349,25.82,On,On,32
350,25.81,On,On,32
351,25.82,On,On,32
352,25.81,On,On,32
353,25.8,On,On,32
354,25.81,On,On,32
355,25.81,On,On,32
356,25.81,On,On,32
357,25.79,On,On,32
358,25.79,On,On,32
359,25.8,On,On,32
360,25.8,On,On,32
361,25.79,On,On,32
362,25.8,On,On,32
363,25.8,On,On,32
364,25.81,On,On,32
365,25.81,On,On,32
366,25.82,On,On,32
367,25.82,On,On,32
368,25.82,On,On,32
369,25.82,On,On,32
370,25.8,On,On,32
371,25.81,On,On,32
372,25.82,On,On,32
373,25.83,On,On,32
374,25.83,On,On,32
375,25.82,On,On,32
376,25.8,On,On,32
377,25.79,On,On,32
378,25.77,On,On,32
379,25.76,On,On,32
380,25.75,On,On,32
381,25.73,On,On,32
382,25.72,On,On,32
383,25.74,On,On,32
384,25.76,On,On,32
385,25.75,On,On,32
386,25.74,On,On,32
387,25.72,On,On,32
388,25.73,On,On,32
389,25.73,On,On,32
390,25.74,On,On,32
391,25.73,On,On,32
392,25.74,On,On,32
393,25.73,On,On,32
394,25.75,On,On,32
395,25.75,On,On,32
396,25.75,On,On,32
397,25.77,On,On,32
398,25.79,On,On,32
399,25.78,On,On,32
400,25.76,On,On,32
401,25.77,On,On,32
402,25.77,On,On,32
403,25.75,On,On,32
404,25.74,On,On,32
405,25.73,On,On,32
406,25.72,On,On,32
407,25.74,On,On,32
408,25.72,On,On,32
409,25.74,On,On,32
410,25.75,On,On,32
411,25.77,On,On,32
412,25.75,On,On,32
413,25.75,On,On,32
414,25.77,On,On,32
415,25.77,On,On,32
416,25.77,On,On,32
417,25.79,On,On,32
418,25.77,On,On,32
419,25.76,On,On,32
420,25.78,On,On,32
421,25.78,On,On,32
422,25.78,On,On,32
423,25.76,On,On,32
424,25.78,On,On,32
425,25.79,On,On,32
426,25.79,On,On,32
427,25.8,On,On,32
428,25.8,On,On,32
429,25.79,On,On,32
430,25.77,On,On,32
431,25.75,On,On,32
432,25.74,On,On,32
433,25.74,On,On,32
434,25.74,On,On,32
435,25.76,On,On,32
436,25.78,On,On,32
437,25.79,On,On,32
438,25.79,On,On,32
439,25.8,On,On,32
440,25.78,On,On,32
441,25.76,On,On,32
442,25.76,On,On,32
443,25.77,On,On,32
444,25.75,On,On,32
445,25.77,On,On,32
446,25.78,On,On,32
447,25.78,On,On,32
448,25.77,On,On,32
449,25.76,On,On,32
450,25.76,On,On,32
451,25.76,On,On,32
452,25.75,On,On,32
453,25.77,On,On,32
454,25.77,On,On,32
455,25.78,On,On,32
456,25.78,On,On,32
457,25.79,On,On,32
458,25.78,On,On,32
459,25.77,On,On,32
460,25.78,On,On,32
461,25.77,On,On,32
462,25.79,On,On,32
463,25.8,On,On,32
464,25.81,On,On,32
465,25.8,On,On,32
466,25.82,On,On,32
467,25.83,On,On,32
468,25.85,On,On,32
469,25.85,On,On,32
470,25.87,On,On,32
471,25.88,On,On,32
472,25.9,On,On,32
473,25.89,On,On,32
474,25.89,On,On,32
475,25.9,On,On,32
476,25.9,On,On,32
477,25.91,On,On,32
478,25.92,On,On,32
479,25.93,On,On,32
480,25.94,On,On,32
481,25.94,On,On,32
482,25.93,On,On,32
483,25.92,On,On,32
484,25.93,On,On,32
485,25.91,On,On,32
486,25.91,On,On,32
487,25.92,On,On,32
488,25.93,On,On,32
489,25.91,On,On,32
490,25.9,On,On,32
491,25.89,On,On,32
492,25.9,On,On,32
493,25.88,On,On,32
494,25.87,On,On,32
495,25.87,On,On,32
496,25.85,On,On,32
497,25.84,On,On,32
498,25.86,On,On,32
499,25.86,On,On,32
500,25.87,On,On,32
501,25.87,On,On,32
502,25.85,On,On,32
503,25.83,On,On,32
504,25.82,On,On,32
505,25.83,On,On,32
506,25.82,On,On,32
507,25.83,On,On,32
508,25.82,On,On,32
509,25.84,On,On,32
510,25.85,On,On,32
511,25.84,On,On,32
512,25.85,On,On,32
513,25.86,On,On,32
514,25.87,On,On,32
515,25.88,On,On,32
516,25.85,On,On,32
517,25.86,On,On,32
518,25.86,On,On,32
519,25.86,On,On,32
520,25.86,On,On,32
521,25.87,On,On,32
522,25.87,On,On,32
523,25.86,On,On,32
524,25.86,On,On,32
525,25.86,On,On,32
526,25.85,On,On,32
527,25.85,On,On,32
528,25.86,On,On,32
529,25.85,On,On,32
530,25.86,On,On,32
531,25.87,On,On,32
532,25.87,On,On,32
533,25.88,On,On,32
534,25.88,On,On,32
535,25.88,On,On,32
536,25.89,On,On,32
537,25.88,On,On,32
538,25.9,On,On,32
539,25.88,On,On,32
540,25.88,On,On,32
541,25.89,On,On,32
542,25.87,On,On,32
543,25.88,On,On,32
544,25.88,On,On,32
545,25.88,On,On,32
546,25.86,On,On,32
547,25.86,On,On,32
548,25.87,On,On,32
549,25.87,On,On,32
550,25.89,On,On,32
551,25.89,On,On,32
552,25.9,On,On,32
553,25.92,On,On,32
554,25.93,On,On,32
555,25.94,On,On,32
556,25.93,On,On,32
557,25.93,On,On,32
558,25.95,On,On,32
559,25.94,On,On,32
560,25.93,On,On,32
561,25.95,On,On,32
562,25.94,On,On,32
563,25.92,On,On,32
564,25.93,On,On,32
565,25.95,On,On,32
566,25.94,On,On,32
567,25.95,On,On,32
568,25.95,On,On,32
569,25.93,On,On,32
570,25.91,On,On,32
571,25.92,On,On,32
572,25.93,On,On,32
573,25.94,On,On,32
574,25.93,On,On,32
575,25.94,On,On,32
576,25.95,On,On,32
577,25.94,On,On,32
578,25.93,On,On,32
579,25.93,On,On,32
580,25.93,On,On,32
581,25.94,On,On,32
582,25.93,On,On,32
583,25.92,On,On,32
584,25.93,On,On,32
585,25.92,On,On,32
586,25.91,On,On,32
587,25.91,On,On,32
588,25.93,On,On,32
589,25.91,On,On,32
590,25.91,On,On,32
591,25.92,On,On,32
592,25.92,On,On,32
593,25.9,On,On,32
594,25.88,On,On,32
595,25.89,On,On,32
596,25.91,On,On,32
597,25.89,On,On,32
598,25.9,On,On,32
599,25.9,On,On,32
600,25.91,On,On,32
601,25.9,On,On,32
602,25.91,On,On,32
603,25.91,On,On,32
604,25.91,On,On,32
605,25.92,On,On,32
606,25.92,On,On,32
607,25.92,On,On,32
608,25.91,On,On,32
609,25.9,On,On,32
610,25.91,On,On,32
611,25.93,On,On,32
612,25.92,On,On,32
613,25.93,On,On,32
614,25.93,On,On,32
615,25.94,On,On,32
616,25.95,On,On,32
617,25.95,On,On,32
618,25.95,On,On,32
619,25.96,On,On,32
620,25.97,On,On,32
621,25.98,On,On,32
622,25.98,On,On,32
623,25.99,On,On,32
624,25.97,On,On,32
625,25.99,On,On,32
626,25.98,On,On,32
627,25.96,On,On,32
628,25.95,On,On,32
629,25.94,On,On,32
630,25.95,On,On,32
631,25.94,On,On,32
632,25.94,On,On,32
633,25.94,On,On,32
634,25.94,On,On,32
635,25.94,On,On,32
636,25.95,On,On,32
637,25.95,On,On,32
638,25.94,On,On,32
639,25.93,On,On,32
640,25.93,On,On,32
641,25.94,On,On,32
642,25.93,On,On,32
643,25.93,On,On,32
644,25.94,On,On,32
645,25.95,On,On,32
646,25.93,On,On,32
647,25.91,On,On,32
648,25.89,On,On,32
649,25.9,On,On,32
650,25.91,On,On,32
651,25.93,On,On,32
652,25.94,On,On,32
653,25.95,On,On,32
654,25.94,On,On,32
655,25.94,On,On,32
656,25.94,On,On,32
657,25.93,On,On,32
658,25.93,On,On,32
659,25.91,On,On,32
660,25.91,On,On,32
661,25.89,On,On,32
662,25.9,On,On,32
663,25.9,On,On,32
664,25.91,On,On,32
665,25.92,On,On,32
666,25.92,On,On,32
667,25.92,On,On,32
668,25.91,On,On,32
669,25.9,On,On,32
670,25.88,On,On,32
671,25.89,On,On,32
672,25.88,On,On,32
673,25.89,On,On,32
674,25.87,On,On,32
675,25.89,On,On,32
676,25.87,On,On,32
677,25.87,On,On,32
678,25.86,On,On,32
679,25.88,On,On,32
680,25.9,On,On,32
681,25.88,On,On,32
682,25.89,On,On,32
683,25.89,On,On,32
684,25.89,On,On,32
685,25.89,On,On,32
686,25.88,On,On,32
687,25.89,On,On,32
688,25.9,On,On,32
689,25.88,On,On,32
690,25.9,On,On,32
691,25.92,On,On,32
692,25.9,On,On,32
693,25.9,On,On,32
694,25.91,On,On,32
695,25.92,On,On,32
696,25.92,On,On,32
697,25.92,On,On,32
698,25.93,On,On,32
699,25.91,On,On,32
700,25.92,On,On,32
701,25.93,On,On,32
702,25.93,On,On,32
703,25.94,On,On,32
704,25.94,On,On,32
705,25.94,On,On,32
706,25.92,On,On,32
707,25.91,On,On,32
708,25.92,On,On,32
709,25.92,On,On,32
710,25.93,On,On,32
711,25.94,On,On,32
712,25.93,On,On,32
713,25.93,On,On,32
714,25.91,On,On,32
715,25.93,On,On,32
716,25.91,On,On,32
717,25.89,On,On,32
718,25.9,On,On,32
719,25.91,On,On,32
720,25.9,On,On,32
721,25.89,On,On,32
722,25.88,On,On,32
723,25.89,On,On,32
724,25.91,On,On,32
725,25.9,On,On,32
726,25.88,On,On,32
727,25.88,On,On,32
728,25.88,On,On,32
729,25.89,On,On,32
730,25.88,On,On,32
731,25.86,On,On,32
732,25.87,On,On,32
733,25.88,On,On,32
734,25.89,On,On,32
735,25.88,On,On,32
736,25.89,On,On,32
737,25.9,On,On,32
738,25.91,On,On,32
739,25.91,On,On,32
740,25.9,On,On,32
741,25.89,On,On,32
742,25.87,On,On,32
743,25.88,On,On,32
744,25.86,On,On,32
745,25.85,On,On,32
746,25.86,On,On,32
747,25.85,On,On,32
748,25.83,On,On,32
749,25.84,On,On,32
750,25.84,On,On,32
751,25.82,On,On,32
752,25.8,On,On,32
753,25.79,On,On,32
754,25.79,On,On,32
755,25.77,On,On,32
756,25.75,On,On,32
757,25.76,On,On,32
758,25.76,On,On,32
759,25.78,On,On,32
760,25.78,On,On,32
761,25.78,On,On,32
762,25.79,On,On,32
763,25.81,On,On,32
764,25.79,On,On,32
765,25.8,On,On,32
766,25.8,On,On,32
767,25.79,On,On,32
768,25.77,On,On,32
769,25.77,On,On,32
770,25.76,On,On,32
771,25.76,On,On,32
772,25.74,On,On,32
773,25.74,On,On,32
774,25.76,On,On,32
775,25.76,On,On,32
776,25.76,On,On,32
777,25.74,On,On,32
778,25.73,On,On,32
779,25.72,On,On,32
780,25.7,On,On,32
781,25.69,On,On,32
782,25.68,On,On,32
783,25.69,On,On,32
784,25.69,On,On,32
785,25.7,On,On,32
786,25.72,On,On,32
787,25.74,On,On,32
788,25.73,On,On,32
789,25.72,On,On,32
790,25.71,On,On,32
791,25.71,On,On,32
792,25.72,On,On,32
793,25.73,On,On,32
794,25.75,On,On,32
795,25.73,On,On,32
796,25.74,On,On,32
797,25.73,On,On,32
798,25.73,On,On,32
799,25.71,On,On,32
800,25.71,On,On,32
801,25.7,On,On,32
802,25.7,On,On,32
803,25.69,On,On,32
804,25.68,On,On,32
805,25.66,On,On,32
806,25.66,On,On,32
807,25.67,On,On,32
808,25.66,On,On,32
809,25.65,On,On,32
810,25.67,On,On,32
811,25.69,On,On,32
812,25.67,On,On,32
813,25.66,On,On,32
814,25.67,On,On,32
815,25.66,On,On,32
816,25.68,On,On,32
817,25.67,On,On,32
818,25.66,On,On,32
819,25.65,On,On,32
820,25.64,On,On,32
821,25.65,On,On,32
822,25.63,On,On,32
823,25.63,On,On,32
824,25.62,On,On,32
825,25.63,On,On,32
826,25.63,On,On,32
827,25.64,On,On,32
828,25.65,On,On,32
829,25.64,On,On,32
830,25.65,On,On,32
831,25.67,On,On,32
832,25.67,On,On,32
833,25.68,On,On,32
834,25.7,On,On,32
835,25.68,On,On,32
836,25.67,On,On,32
837,25.68,On,On,32
838,25.67,On,On,32
839,25.67,On,On,32
840,25.68,On,On,32
841,25.69,On,On,32
842,25.68,On,On,32
843,25.7,On,On,32
844,25.71,On,On,32
845,25.69,On,On,32
846,25.67,On,On,32
847,25.65,On,On,32
848,25.65,On,On,32
849,25.65,On,On,32
850,25.66,On,On,32
851,25.66,On,On,32
852,25.67,On,On,32
853,25.66,On,On,32
854,25.65,On,On,32
855,25.66,On,On,32
856,25.67,On,On,32
857,25.68,On,On,32
858,25.67,On,On,32
859,25.67,On,On,32
860,25.67,On,On,32
861,25.65,On,On,32
862,25.66,On,On,32
863,25.66,On,On,32
864,25.67,On,On,32
865,25.67,On,On,32
866,25.68,On,On,32
867,25.67,On,On,32
868,25.66,On,On,32
869,25.64,On,On,32
870,25.64,On,On,32
871,25.63,On,On,32
872,25.62,On,On,32
873,25.61,On,On,32
874,25.62,On,On,32
875,25.6,On,On,32
876,25.62,On,On,32
877,25.61,On,On,32
878,25.6,On,On,32
879,25.59,On,On,32
880,25.59,On,On,32
881,25.59,On,On,32
882,25.57,On,On,32
883,25.57,On,On,32
884,25.59,On,On,32
885,25.57,On,On,32
886,25.55,On,On,32
887,25.53,On,On,32
888,25.53,On,On,32
889,25.51,On,On,32
890,25.51,On,On,32
891,25.49,On,On,32
892,25.49,On,On,32
893,25.47,On,On,32
894,25.48,On,On,32
895,25.49,On,On,32
896,25.49,On,On,32
897,25.5,On,On,32
898,25.51,On,On,32
899,25.52,On,On,32
900,25.54,On,On,32
901,25.55,On,On,32
902,25.55,On,On,32
903,25.55,On,On,32
904,25.56,On,On,32
905,25.56,On,On,32
906,25.56,On,On,33
907,25.59,On,On,33
908,25.56,On,On,33
909,25.55,On,On,33
910,25.55,On,On,33
911,25.56,On,On,33
912,25.56,On,On,33
913,25.56,On,On,33
914,25.58,On,On,33
915,25.58,On,On,33
916,25.58,On,On,33
917,25.58,On,On,33
918,25.58,On,On,33
919,25.59,On,On,33
920,25.59,On,On,33
921,25.55,On,On,33
922,25.54,On,On,33
923,25.54,On,On,33
924,25.53,On,On,33
925,25.55,On,On,33
926,25.57,On,On,33
927,25.55,On,On,33
928,25.55,On,On,33
929,25.54,On,On,33
930,25.54,On,On,33
931,25.54,On,On,33
932,25.54,On,On,33
933,25.51,On,On,34
934,25.52,On,On,34
935,25.52,On,On,34
936,25.51,On,On,34
937,25.48,On,On,34
938,25.48,On,On,34
939,25.46,On,On,34
940,25.47,On,On,34
941,25.5,On,On,34
942,25.5,On,On,34
943,25.51,On,On,34
944,25.49,On,On,34
945,25.49,On,On,33
946,25.49,On,On,33
947,25.48,On,On,33
948,25.46,On,On,33
949,25.43,On,On,33
950,25.44,On,On,33
951,25.45,On,On,33
952,25.44,On,On,33
953,25.43,On,On,33
954,25.44,On,On,33
955,25.44,On,On,33
956,25.41,On,On,33
957,25.4,On,On,33
958,25.4,On,On,34
959,25.37,On,On,34
960,25.38,On,On,34
961,25.39,On,On,34
962,25.36,On,On,34
963,25.38,On,On,34
964,25.38,On,On,34
965,25.38,On,On,34
966,25.37,On,On,34
967,25.38,On,On,34
968,25.4,On,On,34
969,25.39,On,On,34
970,25.39,On,On,34
971,25.4,On,On,34
972,25.38,On,On,34
973,25.4,On,On,34
974,25.39,On,On,34
975,25.39,On,On,34
976,25.39,On,On,34
977,25.39,On,On,34
978,25.38,On,On,34
979,25.41,On,On,34
980,25.4,On,On,35
981,25.39,On,On,35
982,25.39,On,On,35
983,25.39,On,On,35
984,25.41,On,On,35
985,25.4,On,On,35
986,25.4,On,On,35
987,25.39,On,On,35
988,25.42,On,On,35
989,25.39,On,On,35
990,25.4,On,On,35
991,25.39,On,On,35
992,25.38,On,On,35
993,25.36,On,On,35
994,25.36,On,On,35
995,25.36,On,On,35
996,25.35,On,On,35
997,25.36,On,On,35
998,25.37,On,On,35
999,25.37,On,On,35
1000,25.35,On,On,35
1001,25.37,On,On,35
1002,25.36,On,On,35
1003,25.36,On,On,35
1004,25.38,On,On,35
1005,25.38,On,On,35
1006,25.39,On,On,35
1007,25.39,On,On,35
1008,25.39,On,On,35
1009,25.39,On,On,35
1010,25.38,On,On,35
1011,25.37,On,On,35
1012,25.35,On,On,35
1013,25.33,On,On,35
1014,25.32,On,On,35
1015,25.3,On,On,35
1016,25.31,On,On,35
1017,25.32,On,On,35
1018,25.3,On,On,35
1019,25.28,On,On,35
1020,25.27,On,On,35
1021,25.28,On,On,35
1022,25.3,On,On,35
1023,25.3,On,On,35
1024,25.29,On,On,35
1025,25.31,On,On,35
1026,25.3,On,On,35
1027,25.3,On,On,35
1028,25.3,On,On,35
1029,25.32,On,On,35
1030,25.34,On,On,35
1031,25.34,On,On,35
1032,25.33,On,On,35
1033,25.35,On,On,35
1034,25.34,On,On,35
1035,25.33,On,On,35
1036,25.32,On,On,35
1037,25.3,On,On,35
1038,25.29,On,On,35
1039,25.27,On,On,35
1040,25.32,On,On,35
1041,25.32,On,On,35
1042,25.33,On,On,35
1043,25.32,On,On,35
1044,25.32,On,On,35
1045,25.36,On,On,35
1046,25.34,On,On,35
1047,25.34,On,On,35
1048,25.35,On,On,35
1049,25.35,On,On,35
1050,25.34,On,On,34
1051,25.34,On,On,34
1052,25.33,On,On,34
1053,25.34,On,On,34
1054,25.35,On,On,34
1055,25.36,On,On,34
1056,25.35,On,On,34
1057,25.34,On,On,34
1058,25.34,On,On,34
1059,25.31,On,On,34
1060,25.31,On,On,34
1061,25.31,On,On,34
1062,25.29,On,On,34
1063,25.28,On,On,33
1064,25.28,On,On,33
1065,25.27,On,On,33
1066,25.26,On,On,32
1067,25.23,On,On,32
1068,25.26,On,On,32
1069,25.26,On,On,32
1070,25.26,On,On,32
1071,25.28,On,On,32
1072,25.26,On,On,33
1073,25.27,On,On,32
1074,25.3,On,On,32
1075,25.29,On,On,32
1076,25.26,On,On,32
1077,25.25,On,On,32
1078,25.25,On,On,32
1079,25.25,On,On,33
1080,25.24,On,On,33
1081,25.22,On,On,33
1082,25.23,On,On,33
1083,25.22,On,On,33
1084,25.24,On,On,34
1085,25.24,On,On,33
1086,25.26,On,On,33
1087,25.26,On,On,33
1088,25.24,On,On,33
1089,25.26,On,On,33
1090,25.27,On,On,33
1091,25.29,On,On,33
1092,25.32,On,On,33
1093,25.33,On,On,33
1094,25.33,On,On,33
1095,25.34,On,On,33
1096,25.35,On,On,33
1097,25.33,On,On,33
1098,25.36,On,On,33
1099,25.36,On,On,33
1100,25.37,On,On,33
1101,25.37,On,On,33
1102,25.38,On,On,33
1103,25.38,On,On,34
1104,25.38,On,On,34
1105,25.41,On,On,34
1106,25.44,On,On,34
1107,25.43,On,On,34
1108,25.43,On,On,34
1109,25.44,On,On,34
1110,25.44,On,On,34
1111,25.44,On,On,34
1112,25.46,On,On,34
1113,25.47,On,On,34
1114,25.46,On,On,34
1115,25.47,On,On,34
1116,25.47,On,On,34
1117,25.46,On,On,34
1118,25.48,On,On,35
1119,25.49,On,On,35
1120,25.5,On,On,35
1121,25.5,On,On,35
1122,25.49,On,On,35
1123,25.52,On,On,35
1124,25.54,On,On,35
1125,25.58,On,On,35
1126,25.57,On,On,35
1127,25.57,On,On,35
1128,25.58,On,On,35
1129,25.59,On,On,35
1130,25.57,On,On,35
1131,25.59,On,On,35
1132,25.58,On,On,35
1133,25.59,On,On,35
1134,25.61,On,On,35
1135,25.61,On,On,35
1136,25.59,On,On,35
1137,25.6,On,On,35
1138,25.63,On,On,35
1139,25.64,On,On,35
1140,25.66,On,On,35
1141,25.64,On,On,35
1142,25.63,On,On,35
1143,25.63,On,On,35
1144,25.61,On,On,35
1145,25.65,On,On,35
1146,25.65,On,On,35
1147,25.65,On,On,35
1148,25.65,On,On,35
1149,25.64,On,On,35
1150,25.65,On,On,35
1151,25.64,On,On,35
1152,25.64,On,On,35
1153,25.64,On,On,35
1154,25.65,On,On,35
1155,25.66,On,On,35
1156,25.66,On,On,35
1157,25.65,On,On,35
1158,25.66,On,On,35
1159,25.66,On,On,35
1160,25.69,On,On,35
1161,25.68,On,On,35
1162,25.68,On,On,35
1163,25.71,On,On,35
1164,25.73,On,On,35
1165,25.74,On,On,35
1166,25.73,On,On,35
1167,25.73,On,On,35
1168,25.76,On,On,35
1169,25.75,On,On,35
1170,25.76,On,On,35
1171,25.75,On,On,35
1172,25.74,On,On,35
1173,25.75,On,On,35
1174,25.74,On,On,35
1175,25.76,On,On,35
1176,25.74,On,On,35
1177,25.74,On,On,35
1178,25.73,On,On,35
1179,25.73,On,On,35
1180,25.72,On,On,35
1181,25.72,On,On,35
1182,25.7,On,On,35
1183,25.71,On,On,35
1184,25.68,On,On,35
1185,25.68,On,On,35
1186,25.68,On,On,35
1187,25.69,On,On,35
1188,25.71,On,On,35
1189,25.7,On,On,34
1190,25.67,On,On,34
1191,25.67,On,On,34
1192,25.67,On,On,34
1193,25.67,On,On,34
1194,25.66,On,On,33
1195,25.65,On,On,33
1196,25.66,On,On,33
1197,25.65,On,On,33
1198,25.64,On,On,33
1199,25.63,On,On,33
1200,25.63,On,On,33
1201,25.65,On,On,33
1202,25.68,On,On,33
1203,25.65,On,On,33
1204,25.68,On,On,31
1205,25.66,On,On,31
1206,25.67,On,On,31
1207,25.66,On,On,31
1208,25.68,On,On,31
1209,25.71,On,On,31
1210,25.69,On,On,31
1211,25.7,On,On,28
1212,25.68,On,On,28
1213,25.65,On,On,28
1214,25.68,On,On,28
1215,25.67,On,On,28
1216,25.68,On,On,28
1217,25.66,On,On,28
1218,25.65,On,On,28
1219,25.67,On,On,28
1220,25.66,On,On,28
1221,25.65,On,On,28
1222,25.65,On,On,28
1223,25.65,On,On,28
1224,25.66,On,On,25
1225,25.63,On,On,25
1226,25.6,On,On,25
1227,25.59,On,On,25
1228,25.58,On,On,25
1229,25.58,On,On,25
1230,25.59,On,On,22
1231,25.61,On,On,22
1232,25.62,On,On,22
1233,25.62,On,On,22
1234,25.62,On,On,21
1235,25.61,On,On,18
1236,25.61,On,On,18
1237,25.6,On,On,18
1238,25.58,On,On,17
1239,25.58,On,On,17
1240,25.57,On,On,17
1241,25.56,On,On,14
1242,25.57,On,On,14
1243,25.55,On,On,14
1244,25.54,On,On,14
1245,25.52,On,On,14
1246,25.5,On,On,14
1247,25.5,On,On,13
1248,25.52,On,On,13
1249,25.52,On,On,13
1250,25.52,On,On,13
1251,25.48,On,On,13
1252,25.45,On,On,13
1253,25.48,On,On,13
1254,25.44,On,On,13
1255,25.43,On,On,13
1256,25.42,On,On,12
1257,25.38,On,On,12
1258,25.35,On,On,11
1259,25.36,On,On,11
1260,25.33,On,On,11
1261,25.32,On,On,11
1262,25.32,On,On,11
1263,25.3,On,On,11
1264,25.31,On,On,11
1265,25.3,On,On,11
1266,25.29,On,On,11
1267,25.3,On,On,11
1268,25.32,On,On,11
1269,25.32,On,On,11
1270,25.3,On,On,10
1271,25.28,On,On,10
1272,25.27,On,On,10
1273,25.29,On,On,10
1274,25.29,On,On,10
1275,25.28,On,On,10
1276,25.27,On,On,10
1277,25.27,On,On,10
1278,25.28,On,On,10
1279,25.27,On,On,10
1280,25.27,On,On,10
1281,25.26,On,On,10
1282,25.23,On,On,10
1283,25.23,On,On,10
1284,25.21,On,On,10
1285,25.2,On,On,10
1286,25.18,On,On,10
1287,25.19,On,On,9
1288,25.21,On,On,9
1289,25.21,On,On,9
1290,25.19,On,On,9
1291,25.19,On,On,9
1292,25.18,On,On,9
1293,25.17,On,On,9
1294,25.18,On,On,9
1295,25.17,On,On,9
1296,25.14,On,On,9
1297,25.14,On,On,7
1298,25.18,On,On,7
1299,25.15,On,On,7
1300,25.15,On,On,7
1301,25.12,On,On,7
1302,25.12,On,On,7
1303,25.13,On,On,7
1304,25.12,On,On,7
1305,25.11,On,On,7
1306,25.09,On,On,7
1307,25.08,On,On,7
1308,25.09,On,On,7
1309,25.07,On,On,7
1310,25.07,On,On,7
1311,25.05,On,On,5
1312,25.04,On,On,5
1313,25.02,On,On,5
1314,25.01,On,On,5
1315,25.02,On,On,5
1316,25.02,On,On,2
1317,25.02,On,On,2
1318,24.99,On,On,2
1319,24.97,On,On,1
1320,24.95,On,On,1
1321,24.95,On,On,1
1322,24.97,On,On,1
1323,24.98,Off,Off,0
1324,24.99,Off,Off,0
1325,24.98,Off,Off,0
1326,25.0,Off,Off,0
1327,24.98,Off,Off,0
1328,24.99,Off,Off,0
1329,24.99,Off,Off,0
1330,24.98,Off,Off,0
1331,24.98,Off,Off,0
1332,24.98,Off,Off,0
1333,24.99,Off,Off,0
1334,25.01,Off,Off,0
1335,25.04,Off,Off,0
1336,25.03,Off,Off,0
1337,25.04,Off,Off,0
1338,25.06,Off,Off,0
1339,25.06,Off,Off,0
1340,25.08,Off,Off,0
1341,25.11,Off,Off,0
1342,25.09,Off,Off,0
1343,25.08,Off,Off,0
1344,25.08,Off,Off,0
1345,25.08,Off,Off,0
1346,25.09,Off,Off,0
1347,25.1,Off,Off,0
1348,25.08,Off,Off,0
1349,25.1,Off,Off,0
1350,25.09,Off,Off,0
1351,25.09,Off,Off,0
1352,25.1,Off,Off,0
1353,25.1,Off,Off,0
1354,25.12,Off,Off,0
1355,25.14,Off,Off,0
1356,25.13,Off,Off,0
1357,25.13,Off,Off,0
1358,25.11,Off,Off,0
1359,25.12,Off,Off,0
1360,25.12,Off,Off,0
1361,25.13,Off,Off,0
1362,25.13,Off,Off,0
1363,25.15,Off,Off,0
1364,25.16,Off,Off,0
1365,25.14,Off,Off,0
1366,25.16,Off,Off,0
1367,25.14,Off,Off,0
1368,25.14,Off,Off,0
1369,25.15,Off,Off,0
1370,25.18,Off,Off,0
1371,25.19,Off,Off,0
1372,25.2,Off,Off,0
1373,25.19,Off,Off,0
1374,25.19,Off,Off,0
1375,25.2,Off,Off,0
1376,25.21,Off,Off,0
1377,25.22,Off,Off,0
1378,25.23,Off,Off,0
1379,25.26,Off,Off,0
1380,25.25,Off,Off,0
1381,25.25,Off,Off,0
1382,25.25,Off,Off,0
1383,25.25,Off,Off,0
1384,25.28,Off,Off,0
1385,25.29,Off,Off,0
1386,25.3,Off,Off,0
1387,25.31,Off,Off,0
1388,25.32,Off,Off,0
1389,25.33,Off,Off,0
1390,25.33,Off,Off,0
1391,25.31,Off,Off,0
1392,25.3,Off,Off,0
1393,25.3,Off,Off,0
1394,25.29,Off,Off,0
1395,25.29,Off,Off,0
1396,25.34,Off,Off,0
1397,25.35,Off,Off,0
1398,25.35,Off,Off,0
1399,25.35,Off,Off,0
1400,25.37,Off,Off,0
1401,25.39,Off,Off,0
1402,25.4,Off,Off,0
1403,25.38,Off,Off,0
1404,25.39,Off,Off,0
1405,25.39,Off,Off,0
1406,25.41,Off,Off,0
1407,25.43,Off,Off,0
1408,25.43,Off,Off,0
1409,25.44,Off,Off,0
1410,25.44,Off,Off,0
1411,25.42,Off,Off,0
1412,25.42,Off,Off,0
1413,25.42,Off,Off,0
1414,25.43,Off,Off,0
1415,25.44,Off,Off,0
1416,25.47,Off,Off,0
1417,25.48,Off,Off,0
1418,25.5,Off,Off,0
1419,25.53,Off,Off,0
1420,25.51,Off,Off,0
1421,25.52,Off,Off,0
1422,25.5,Off,Off,0
1423,25.5,Off,Off,0
1424,25.49,Off,Off,0
1425,25.51,Off,Off,0
1426,25.54,Off,Off,0
1427,25.53,Off,Off,0
1428,25.54,Off,Off,0
1429,25.54,Off,Off,0
1430,25.54,Off,Off,0
1431,25.52,Off,Off,0
1432,25.52,Off,Off,0
1433,25.53,Off,Off,0
1434,25.55,Off,Off,0
1435,25.59,Off,Off,0
1436,25.58,Off,Off,0
1437,25.57,Off,Off,0
1438,25.6,Off,Off,0
1439,25.62,Off,Off,0
1440,25.62,Off,Off,0
1441,25.64,Off,Off,0
1442,25.65,Off,Off,0
1443,25.65,Off,Off,0
1444,25.66,Off,Off,0
1445,25.66,Off,Off,0
1446,25.67,Off,Off,0
1447,25.7,Off,Off,0
1448,25.73,Off,Off,0
1449,25.73,Off,Off,0
1450,25.72,Off,Off,0
1451,25.71,Off,Off,0
1452,25.72,Off,Off,0
1453,25.73,Off,Off,0
1454,25.75,Off,Off,0
1455,25.74,Off,Off,0
1456,25.73,Off,Off,0
1457,25.75,Off,Off,0
1458,25.78,Off,Off,0
1459,25.79,Off,Off,0
1460,25.78,Off,Off,0
1461,25.8,Off,Off,0
1462,25.79,Off,Off,0
1463,25.79,Off,Off,0
1464,25.81,Off,Off,0
1465,25.82,Off,Off,0
1466,25.81,Off,Off,0
1467,25.84,Off,Off,0
1468,25.87,Off,Off,0
1469,25.85,Off,Off,0
1470,25.85,Off,Off,0
1471,25.85,Off,Off,0
1472,25.86,Off,Off,0
1473,25.86,Off,Off,0
1474,25.86,Off,Off,0
1475,25.86,Off,Off,0
1476,25.86,Off,Off,0
1477,25.87,Off,Off,0
1478,25.86,Off,Off,0
1479,25.88,Off,Off,0
1480,25.91,Off,Off,0
1481,25.95,Off,Off,0
1482,25.94,Off,Off,0
1483,25.96,Off,Off,0
1484,25.95,Off,Off,0
1485,25.97,Off,Off,0
1486,25.98,Off,Off,0
1487,26.01,Off,Off,0
1488,26.01,Off,Off,0
1489,26.03,Off,Off,0
1490,26.03,Off,Off,0
1491,26.03,Off,Off,0
1492,26.03,Off,Off,0
1493,26.02,Off,Off,0
1494,26.0,Off,Off,0
1495,26.01,Off,Off,0
1496,26.01,Off,Off,0
1497,26.0,Off,Off,0
1498,25.99,Off,Off,0
1499,26.01,Off,Off,0
1500,26.03,Off,Off,0
1501,26.02,Off,Off,0
1502,26.07,Off,Off,0
1503,26.07,Off,Off,0
1504,26.07,Off,Off,0
1505,26.06,Off,Off,0
1506,26.07,Off,Off,0
1507,26.06,Off,Off,0
1508,26.05,Off,Off,0
1509,26.06,Off,Off,0
1510,26.07,Off,Off,0
1511,26.09,Off,Off,0
1512,26.1,Off,Off,0
1513,26.11,Off,Off,0
1514,26.14,Off,Off,0
1515,26.14,Off,Off,0
1516,26.15,Off,Off,0
1517,26.14,Off,Off,0
1518,26.16,Off,Off,0
1519,26.14,Off,Off,0
1520,26.14,Off,Off,0
1521,26.15,Off,Off,0
1522,26.18,Off,Off,0
1523,26.2,Off,Off,0
1524,26.22,Off,Off,0
1525,26.24,Off,Off,0
1526,26.24,Off,Off,0
1527,26.25,Off,Off,0
1528,26.24,Off,Off,0
1529,26.25,Off,Off,0
1530,26.26,Off,Off,0
1531,26.27,Off,Off,0
1532,26.27,Off,Off,0
1533,26.29,Off,Off,0
1534,26.32,Off,Off,0
1535,26.33,Off,Off,0
1536,26.35,Off,Off,0
1537,26.37,Off,Off,0
1538,26.39,Off,Off,0
1539,26.41,Off,Off,0
1540,26.41,Off,Off,0
1541,26.41,Off,Off,0
1542,26.45,Off,Off,0
1543,26.46,Off,Off,0
1544,26.46,Off,Off,0
1545,26.46,Off,Off,0
1546,26.44,Off,Off,0
1547,26.44,Off,Off,0
1548,26.45,Off,Off,0
1549,26.45,Off,Off,0
1550,26.45,Off,Off,0
1551,26.45,Off,Off,0
1552,26.47,Off,Off,0
1553,26.48,Off,Off,0
1554,26.5,Off,Off,0
1555,26.51,Off,Off,0
1556,26.53,Off,Off,0
1557,26.51,Off,Off,0
1558,26.52,Off,Off,0
1559,26.53,Off,Off,0
1560,26.51,Off,Off,0
1561,26.51,Off,Off,0
1562,26.52,Off,Off,0
1563,26.54,Off,Off,0
1564,26.53,Off,Off,0
1565,26.54,Off,Off,0
1566,26.55,Off,Off,0
1567,26.57,Off,Off,0
1568,26.56,Off,Off,0
1569,26.56,Off,Off,0
1570,26.55,Off,Off,0
1571,26.55,Off,Off,0
1572,26.53,Off,Off,0
1573,26.53,Off,Off,0
1574,26.54,Off,Off,0
1575,26.55,Off,Off,0
1576,26.56,Off,Off,0
1577,26.56,Off,Off,0
1578,26.56,Off,Off,0
1579,26.56,Off,Off,0
1580,26.59,Off,Off,0
1581,26.61,Off,Off,0
1582,26.62,Off,Off,0
1583,26.64,Off,Off,0
1584,26.64,Off,Off,0
1585,26.67,Off,Off,0
1586,26.66,Off,Off,0
1587,26.7,Off,Off,0
1588,26.69,Off,Off,0
1589,26.64,Off,Off,0
1590,26.63,Off,Off,0
1591,26.64,Off,Off,0
1592,26.64,Off,Off,0
1593,26.63,Off,Off,0
1594,26.64,Off,Off,0
1595,26.64,Off,Off,0
1596,26.64,Off,Off,0
1597,26.64,Off,Off,0
1598,26.66,Off,Off,0
1599,26.69,Off,Off,0
1600,26.7,Off,Off,0
1601,26.73,Off,Off,0
1602,26.74,Off,Off,0
1603,26.75,Off,Off,0
1604,26.74,Off,Off,0
1605,26.76,Off,Off,0
1606,26.77,Off,Off,0
1607,26.77,Off,Off,0
1608,26.79,Off,Off,0
1609,26.79,Off,Off,0
1610,26.8,Off,Off,0
1611,26.81,Off,Off,0
1612,26.84,Off,Off,0
1613,26.88,Off,Off,0
1614,26.88,Off,Off,0
1615,26.87,Off,Off,0
1616,26.86,Off,Off,0
1617,26.85,Off,Off,0
1618,26.86,Off,Off,0
1619,26.86,Off,Off,0
1620,26.88,Off,Off,0
1621,26.89,Off,Off,0
1622,26.9,Off,Off,0
1623,26.89,Off,Off,0
1624,26.9,Off,Off,0
1625,26.91,Off,Off,0
1626,26.9,Off,Off,0
1627,26.94,Off,Off,0
1628,26.96,Off,Off,0
1629,26.94,Off,Off,0
1630,26.95,Off,Off,0
1631,26.97,Off,Off,0
1632,26.97,Off,Off,0
1633,26.98,Off,Off,0
1634,26.99,Off,Off,0
1635,27.0,Off,Off,0
1636,27.01,Off,Off,0
1637,27.03,Off,Off,0
1638,27.03,Off,Off,0
1639,27.01,Off,Off,0
1640,27.04,Off,Off,0
1641,27.05,Off,Off,0
1642,27.03,Off,Off,0
1643,27.03,Off,Off,0
1644,27.03,Off,Off,0
1645,27.04,Off,Off,0
1646,27.03,Off,Off,0
1647,27.03,Off,Off,0
1648,27.03,Off,Off,0
1649,27.04,Off,Off,0
1650,27.07,Off,Off,0
1651,27.07,Off,Off,0
1652,27.09,Off,Off,0
1653,27.09,Off,Off,0
1654,27.05,Off,Off,0
1655,27.05,Off,Off,0
1656,27.07,Off,Off,0
1657,27.08,Off,Off,0
1658,27.07,Off,Off,0
1659,27.12,Off,Off,0
1660,27.15,Off,Off,0
1661,27.13,Off,Off,0
1662,27.15,Off,Off,0
1663,27.16,Off,Off,0
1664,27.18,Off,Off,0
1665,27.17,Off,Off,0
1666,27.18,Off,Off,0
1667,27.2,Off,Off,0
1668,27.23,Off,Off,0
1669,27.22,Off,Off,0
1670,27.21,Off,Off,0
1671,27.22,Off,Off,0
1672,27.24,Off,Off,0
1673,27.24,Off,Off,0
1674,27.26,Off,Off,0
1675,27.27,Off,Off,0
1676,27.28,Off,Off,0
1677,27.29,Off,Off,0
1678,27.29,Off,Off,0
1679,27.29,Off,Off,0
1680,27.3,Off,Off,0
1681,27.29,Off,Off,0
1682,27.28,Off,Off,0
1683,27.32,Off,Off,0
1684,27.32,Off,Off,0
1685,27.35,Off,Off,0
1686,27.37,Off,Off,0
1687,27.39,Off,Off,0
1688,27.4,Off,Off,0
1689,27.41,Off,Off,0
1690,27.43,Off,Off,0
1691,27.45,Off,Off,0
1692,27.48,Off,Off,0
1693,27.48,Off,Off,0
1694,27.5,Off,Off,0
1695,27.46,Off,Off,0
1696,27.45,Off,Off,0
1697,27.45,Off,Off,0
1698,27.45,Off,Off,0
1699,27.43,Off,Off,0
1700,27.42,Off,Off,0
1701,27.42,Off,Off,0
1702,27.42,Off,Off,0
1703,27.43,Off,Off,0
1704,27.43,Off,Off,0
1705,27.43,Off,Off,0
1706,27.44,Off,Off,0
1707,27.46,Off,Off,0
1708,27.5,Off,Off,0
1709,27.49,Off,Off,0
1710,27.49,Off,Off,0
1711,27.49,Off,Off,0
1712,27.52,Off,Off,0
1713,27.54,Off,Off,0
1714,27.53,Off,Off,0
1715,27.54,Off,Off,0
1716,27.52,Off,Off,0
1717,27.54,Off,Off,0
1718,27.54,Off,Off,0
1719,27.53,Off,Off,0
1720,27.54,Off,Off,0
1721,27.54,Off,Off,0
1722,27.55,Off,Off,0
1723,27.55,Off,Off,0
1724,27.59,Off,Off,0
1725,27.59,Off,Off,0
1726,27.59,Off,Off,0
1727,27.59,Off,Off,0
1728,27.59,Off,Off,0
1729,27.58,Off,Off,0
1730,27.63,Off,Off,0
1731,27.63,Off,Off,0
1732,27.63,Off,Off,0
1733,27.63,Off,Off,0
1734,27.66,Off,Off,0
1735,27.67,Off,Off,0
1736,27.65,Off,Off,0
1737,27.64,Off,Off,0
1738,27.66,Off,Off,0
1739,27.67,Off,Off,0
1740,27.65,Off,Off,0
1741,27.65,Off,Off,0
1742,27.64,Off,Off,0
1743,27.63,Off,Off,0
1744,27.63,Off,Off,0
1745,27.62,Off,Off,0
1746,27.6,Off,Off,0
1747,27.6,Off,Off,0
1748,27.59,Off,Off,0
1749,27.63,Off,Off,0
1750,27.64,Off,Off,0
1751,27.61,Off,Off,0
1752,27.61,Off,Off,0
1753,27.63,Off,Off,0
1754,27.61,Off,Off,0
1755,27.6,Off,Off,0
1756,27.59,Off,Off,0
1757,27.61,Off,Off,0
1758,27.57,Off,Off,0
1759,27.56,Off,Off,0
1760,27.56,Off,Off,0
1761,27.56,Off,Off,0
1762,27.57,Off,Off,0
1763,27.61,Off,Off,0
1764,27.63,Off,Off,0
1765,27.63,Off,Off,0
1766,27.64,Off,Off,0
1767,27.64,Off,Off,0
1768,27.63,Off,Off,0
1769,27.65,Off,Off,0
1770,27.67,Off,Off,0
1771,27.69,Off,Off,0
1772,27.7,Off,Off,0
1773,27.7,Off,Off,0
1774,27.71,Off,Off,0
1775,27.74,Off,Off,0
1776,27.75,Off,Off,0
1777,27.73,Off,Off,0
1778,27.72,Off,Off,0
1779,27.73,Off,Off,0
1780,27.7,Off,Off,0
1781,27.68,Off,Off,0
1782,27.69,Off,Off,0
1783,27.71,Off,Off,0
1784,27.72,Off,Off,0
1785,27.72,Off,Off,0
1786,27.76,Off,Off,0
1787,27.78,Off,Off,0
1788,27.77,Off,Off,0
1789,27.78,Off,Off,0
1790,27.8,Off,Off,0
1791,27.81,Off,Off,0
1792,27.82,Off,Off,0
1793,27.83,Off,Off,0
1794,27.83,Off,Off,0
1795,27.84,Off,Off,0
1796,27.84,Off,Off,0
1797,27.86,Off,Off,0
1798,27.84,Off,Off,0
1799,27.85,Off,Off,0
